{
  "clustering": {
    "kmeans_silhouette": 0.24579146676915092,
    "dbscan_silhouette": 0.0635722939719384,
    "ae_kmeans_silhouette": 0.4243152439594269
  },
  "classification": {
    "rf": {
      "accuracy": 0.9989449711286716,
      "report": {
        "0": {
          "precision": 0.9992512553802009,
          "recall": 0.9991661399002058,
          "f1-score": 0.9992086958276077,
          "support": 223059.0
        },
        "1": {
          "precision": 0.9983325563882812,
          "recall": 0.9985026316025428,
          "f1-score": 0.9984175867525563,
          "support": 111529.0
        },
        "accuracy": 0.9989449711286716,
        "macro avg": {
          "precision": 0.998791905884241,
          "recall": 0.9988343857513743,
          "f1-score": 0.998813141290082,
          "support": 334588.0
        },
        "weighted avg": {
          "precision": 0.9989450232981484,
          "recall": 0.9989449711286716,
          "f1-score": 0.9989449935907331,
          "support": 334588.0
        }
      }
    },
    "xgb": {
      "accuracy": 0.9991302736499814,
      "report": {
        "0": {
          "precision": 0.9996859690993594,
          "recall": 0.9990092307416424,
          "f1-score": 0.9993474853520552,
          "support": 223059.0
        },
        "1": {
          "precision": 0.9980211318051576,
          "recall": 0.9993723605519641,
          "f1-score": 0.9986962891281266,
          "support": 111529.0
        },
        "accuracy": 0.9991302736499814,
        "macro avg": {
          "precision": 0.9988535504522584,
          "recall": 0.9991907956468032,
          "f1-score": 0.9990218872400909,
          "support": 334588.0
        },
        "weighted avg": {
          "precision": 0.9991310249932198,
          "recall": 0.9991302736499814,
          "f1-score": 0.9991304205928332,
          "support": 334588.0
        }
      }
    },
    "dnn": {
      "accuracy": 0.8479802025177233,
      "report": {
        "0": {
          "precision": 0.8186494938840467,
          "recall": 0.9916434665267934,
          "f1-score": 0.8968807146014021,
          "support": 223059.0
        },
        "1": {
          "precision": 0.9710527541813552,
          "recall": 0.5606523863748442,
          "f1-score": 0.7108718636668524,
          "support": 111529.0
        },
        "accuracy": 0.8479802025177233,
        "macro avg": {
          "precision": 0.894851124032701,
          "recall": 0.7761479264508188,
          "f1-score": 0.8038762891341272,
          "support": 334588.0
        },
        "weighted avg": {
          "precision": 0.8694504288180507,
          "recall": 0.8479802025177233,
          "f1-score": 0.8348779496012245,
          "support": 334588.0
        }
      }
    }
  },
  "vulnerability": {
    "mean_score": 0.3590989490847071,
    "top_5": [
      0.999984860420227,
      3.027020466106478e-05,
      0.15000635268224868,
      9.660662726673763e-06,
      1.2302361938054673e-05
    ],
    "n_samples": 20000
  }
}